action,eval_count,eval_fraction
FCFS,8403,0.16906424159507474
SJF,19740,0.39715912520371005
RR,21560,0.43377663320121523
