policy,mean_wait,p90_wait,jain_fairness,makespan
RL Meta-Scheduler,25.517599999999998,50.795399999999994,0.6383518778565077,100.188
RR(q=4),37.679,54.6386,0.8126564637260071,100.188
SJF,40.2556,66.4632,0.6967750131031379,100.188
Random Agent,41.844199999999994,64.1144,0.7655523302380545,100.188
FCFS,49.8962,73.3022,0.7955893399286724,100.188
